translatedContentText,pro-Stoianoglo,anti-Stoianoglo,neutral-Stoianoglo,pro-Sandu,anti-Sandu,neutral-Sandu,non-relevant to Stoianoglo,non-relevant to Sandu
Angela Karaman said how additional voters will be compiled in Romania. A new pilot project will be tested at polling stations in Romania during the elections of the President of the Republic of Moldova and a referendum on ... https://noi.md/ru/obshhestvo/anzhela-karaman-soobshila-kak-budut-sotavlyatisya-dopolnitelinye-spiski-izbiratelej-v-rumynii,No,No,No,No,No,Yes,Yes,No
What’s the local mailbox in moldova,No,No,No,No,No,No,Yes,Yes
"Moldova, Republic of https://t.co/5wFQbqtrt1",No,No,No,No,No,No,Yes,Yes
@Vstrutinski really want Moldova to be reliably in a European family and forget about Moscow Mudachye!,No,No,No,No,No,No,Yes,Yes
"In an election that many worry Russia is meddling in, Russian news site RT refers to Moldova as “Ex Soviet State”. I’m sure they didn’t mean anything by it, right? #propaganda https://t.co/BzC68ZmboM",No,No,No,No,No,No,Yes,Yes
"@sandumaiamd Congratulations so much Moldova 🇲🇩💛Greetings from Oslo, Norway🇳🇴",No,No,No,Yes,No,No,Yes,No
"Since I am new to NAFO I’d like to explain my current goals for support, for anyone now seeing my account and wondering. My mother grew up in USSR occupied Moldova after her family had to move from Ukraine (work reasons), she speaks Russian, Ukrainian, English, and Romanian 1/?",No,No,No,No,No,No,Yes,Yes
"Don't forget Georgia and Moldova, Russians have been slicing off pieces of Eastern European countries for a while.",No,No,No,No,No,No,Yes,Yes
"You do realize that NATO is strictly a defensive alliance, right? It can't ""instigate wars"" even if it wanted to, and its whole purpose is protecting countries from what Russia is currently doing in Chechnya, Georgia, Moldova, and Ukraine.",No,No,No,No,No,No,Yes,Yes
A 21 -year -old from Chisinau is criminally investigated being suspected of kidnapping a car. A young man stole his former car with the help of spare keys a 21-year-old from Chisinau is criminally investigated by the abduction of a car. https://stiri.md/article/social/un-tanar-si-a-furat-fosta-masina-cu-ajutorul-cheilor-de-Rezerva,No,No,No,No,No,No,Yes,Yes
Romanian rug. Moldova Kilim Rug. Handmade wool rug. Tapis Moldave. Tapis Roumain. Rose Kilim. Kelim Moldavian. Bessarabian Kilim 290x165cm https://t.co/75BWXERZG8 via @Etsy,No,No,No,No,No,No,Yes,Yes
"No vote ahead in Moldova EU referendum, preliminary results show: The early results of Moldova's constitutional referendum showed that 55% voted against making the goal of joining the European Union (EU) a part of the country's constitution, while 44%… https://t.co/7VDwQzdVsC",No,No,No,No,No,No,Yes,Yes
Details on the link in the comments and on the website of Moldova Liberă https://www.facebook.com/photo.php?fbid=8880468757439001&SET=A.410969837722231&TYPE=3,No,No,No,No,No,No,Yes,Yes
"MAE, one of the most exciting messages of the Day of the Romanian Language: “A well spoken language is a sign of dignity. Speak Romanian. It is the most beautiful tribute to the Romanian language "": the diplomats in the Republic of Moldova will never"" cease ""to"" remain employed in the promotion, learning and appreciation of the Romanian language "", is P ... MAE, one of the most exciting messages of the Day of the Romanian Language:"" A language spoken. never http://dlvr.it/tcbrjv",No,No,No,No,No,No,Yes,Yes
let ukrain deal with it...,No,No,No,No,No,No,Yes,Yes
"A new important visit New TV - after nine years, Poland Prime Minister Donald Tusk returns to Chisinau after nine years, Poland Prime Minister Donald Tusk will make a new official visit to the Republic of Moldova, from September 4 to 5. The announcement was https://newtv.md/toate-stirile/dupa-noua-ani-poloniei-vine-chisinau ulttima-date-a-fost-in-Moldova-2015",No,No,No,No,No,No,Yes,Yes
@SundaeFlorida @BNODesk Referendum for adding EU ambitions to the constituion of Moldova,No,No,No,No,No,No,Yes,Yes
Romanian rug. Moldova Kilim Rug. Handmade wool rug. Tapis Moldave. Tapis Roumain. Rose Kilim. Kelim Moldavian. Bessarabian Kilim 290x190cm https://t.co/o7iq6SYezD via @Etsy,No,No,No,No,No,No,Yes,Yes
"That really depends a lot on your values, so what I would find as good countries may not be suited for you. Maybe look at where your professional skills are valued and how easy it is to learn the local language.",No,No,No,No,No,No,Yes,Yes
Meta removes fake accounts in Moldova ahead of presidential election - https://t.co/smrZFU2Ler,No,No,No,No,No,No,Yes,Yes
"If Ukraine’s invasion of the Kursk region of Russia was a distracting maneuver, then it failed - Forbes #czechechia #tezostuesday #russianorthodoxchurch #Syria #kursk #Ermaka #moldova https://t.co/m5s26yjhyd",No,No,No,No,No,No,Yes,Yes
@mellowmxxn @yuzutorian @KanonPyonPyonn Moldovans are everywhere our main headquarters is just in Moldova,No,No,No,No,No,No,Yes,Yes
They wrote an inside about the planned visit by Maya Sandu to Italy. Read with our telegram https://t.co/ixmvcb9xxxm #pas #italy #moldova #eu #Moldova #Italy #Diaspora #perfume #Elections https://t.co/lgpuyfi56,No,No,No,No,No,Yes,Yes,No
"The National Industrialization Plan of Moldova is one of the essential pillars in my electoral program, which aims to ensure the transition from a consumption -based economy to one based on production and exports. We will start with the restoration of vocational schools, to train qualified specialists for the labor market. We will introduce the tax exemption on the reinvested profit, to stimulate the development of enterprises and the creation of new jobs. These, but also other initiatives we discussed today with the citizens of Drochia. I thank the inhabitants of the Drochia district for support and an active dialogue! Renato Usatîi - only for Moldova! 🇲🇩❤️✌️ ___ национальный план индустриализации молдовы является одним из ключевых пунктов моей избирательной програмы. Мы должны перейти от экономики, основанной на потребительстве, К экономике, основанной на производстве! Начать необходимо с восстановления профессиональных учебных заведений для подготовки квалифицицированных ранных ра. Ввести освобождение от налога на реинвестируемую прибыль для стимулирования развития предприятий и созда новых рабочих мест. Эти и другие инициативы я обсудил сегодня с жителями города дрокия. Спасибо за активный диалог и за подержку инициатив! Ренато усатый - только за молдову! 🇲🇩❤️✌️ Photos from renato Usatii-ренато усатый's post https://www.facebook.com/400172508145159/posts/1082807659881637",No,No,No,No,No,No,Yes,Yes
"You may not have heard, but in the autumn the presidential elections and the referendum take place to put in the Constitution the European vector, these sweets are for the indecisions, for the stupid, socialist, communists, and all the rest of the people who can put our country in its development.",No,No,No,No,No,No,Yes,Yes
"Orice Comentarii Acide și Atacuri în Rândurile Opoziției în Cadrul AceStei Campanii Electorale Sunt Doar în Folosul Maiei Sandu. Am auzit diverse Afirmații la adresa mea, a echipei noastre și a candidatului pe Care îl susținem, însă nu vom răspunde la aceste provocări. Noi Avem Ce Spune, Dar Totul La Timpul Potrivit. Scopul Principal Accum Nu Este Să Provocăm Conflicte, Ca Opoziția Să Câștige alegerile Prezidențiale, Iar Apoi și Pele Parlamentare. ::::::: In the ranks of the opposition as part of this election campaign only play in Maya Sandu’s hands. I heard different statements to my address, and to our team, and the candidate supported by us, but we will not answer these provocations. We have something to say, but everything has its time. The main goal now is not to arrange a showdown, but for the opposition to win the presidential election, and then in parliamentary. https://www.facebook.com/400101714817025/videos/857821509827805",No,No,No,Yes,No,No,Yes,No
How is this so close...,No,No,No,No,No,No,Yes,Yes
Why did Russia annex the crim and invade the donbas? Even though Ukraine had neither joined NATO or the EU? It's also not as if Russia already occupies a part of Moldova right now...,No,No,No,No,No,No,Yes,Yes
"Propaganda and brainwashing. I don't know the reason behind it, but they are.mostly Russian speaking, just like the North. That means they were watching Russian TV channels for years.",No,No,No,No,No,No,Yes,Yes
@_JudyRuliani @YourAnonCentral thought they were referring to the elections in moldova last night but that too 😂,No,No,No,No,No,No,Yes,Yes
Everything in the name of the Lord,No,No,No,No,No,No,Yes,Yes
@garyblack00 @WholeMarsBlog @medicgordus You’re comparing a virtual rail system that works in a few tiny areas to a solution that works on every single road in the US and Canada and has been demonstrated to work well in countries it hasn’t even been trained in like Moldova.,No,No,No,No,No,No,Yes,Yes
The theatrical regal offered by TNB in ​​Chisinau https://t.co/1b0riaqltd,No,No,No,No,No,No,Yes,Yes
Part 2? #Ungheni #moldova #chisinau #viralvideo https://t.co/lbxhglhx7t,No,No,No,No,No,No,Yes,Yes
"@GreatArrowGA Moldova has a path through literally uniting with Romania and forming one state, this is an unique situation that isn't present to Georgia. Has nothing to do with white people. This is one of the differences. I'm done engaging with bad-faith moronic arguments and sophistry",No,No,No,No,No,No,Yes,Yes
"@RksNews It's not the right moment to join EU. EU & NATO promised 'stability & prosperity' to Ukraine but they succeed to guarantee only Poverty, Devastation, Identity & Independence loss,and finally, a WAR !! The same 'stability & prosperity' they are promising to Moldova & Georgia now.",No,No,No,No,No,No,Yes,Yes
"The National Library of the Republic of Moldova, within the National Lecturaural Program, organizes the 6th edition of the International Conference ""Reading as a basis for culture, knowledge and development"". The purpose of the activity is to strengthen a viable platform, favorable to the exchange of ideas and resources and interconnect the participants who share similar research goals. An international conference will be organized at the National Library of the National Library of the Republic of Moldova, within the National Lecturaural Program, organizes the 6th edition of the International Conference ""Reading as a basis for culture, knowledge and development"". The purpose of the activity is to strengthen a viable, favorable exchange platform ... https://stiri.md/article/social/o-conference-internationa-va-fi-organized-la-biblioteca",No,No,No,No,No,No,Yes,Yes
"Ukraine actually abandoned a significant part of its own population, which finally settles in the West. #Seim #irkutsk #Moldova #MEMECOOCOins #therefore #NORDSTREAM #KHERSON https://t.co/0bjsprpmpk",No,No,No,No,No,No,Yes,Yes
"🇲🇩💝👩‍🏫 Maia Sandu's president participated today at the solemn meeting dedicated to the professional day of the education worker, where he thanked the people of education, who dedicates his life to raising children's generations. 📌 Many details see 👉Aici https://www.studio-l.online/actuality/video-sefa-sta-celebrat-ziua-profesorului-de-Cadrei-didactic-din-tara-for-education-Tara-for-education-voi-stradu-oru-orice-i-i-i-i-fi/i-ii/ https://www.studio-l.online/actuality/video-sefa-sta-celebrat-ziua-profesorului-de-cadrei-didactic-tara-for-educated-back-tara-tara-eduction-ma-voi-mereu-orice-fans-i-ari-fi/ video // The head of state // The head of the State // The head of the State of the State. The teacher ""together with the teachers in the country:"" For education I returned to the country, for education I will always strive, whatever I do and wherever I am "" - Studio -L - TV Causeni President Maia Sandu participated, today, at the solemn meeting dedicated to the professional day of the worker, where he has been to the education, where he has been to the school, ""I want to arrive on the day all ... https://www.studio-l.online/actuality/video-sefa-sta-celebrat-ziua-profesorului-de-Cadrei-didactic-din-tara-for-education-Tara-for-education-will-go-",No,No,No,No,No,Yes,Yes,No
Moldova out there being afraid of its own capital,No,No,No,No,No,No,Yes,Yes
@RiverTamYDN You switched Moldova and Romania on the map. Other than that it looks pretty good 👍,No,No,No,No,No,No,Yes,Yes
@Romanianhaiduc chisinau when you return,No,No,No,No,No,No,Yes,Yes
"@nomeaculpa @Rowen72600346 @general_ben Where are you imbeciles come from? Is it a place on earth or you drink funny water? Who do they ""invade"" every 8 years? And who fuckkng needs Moldova? There is notjing in Moldova to want.",No,No,No,No,No,No,Yes,Yes
"https://www.journal.md/ro/news/bdb3d63c2235559b6/video-maia-sandu-mesaj-de-ziu-indendentei-moldova-este-no-algem-a-viitor-in-pace-si-bunastare.html: Maia Sandu, ""Moldova It is our home and we choose a future in peace and well -being ”President Maia Sandu, sent a video message in which he congratulated the citizens of Moldova on the occasion of Independence Day.",No,No,No,No,No,Yes,Yes,No
"@america Paying off voters just like Putin did in Moldova. Shame on you. Open your eyes man, democracy is sacred. https://t.co/Gbt3gmnjjb",No,No,No,No,No,No,Yes,Yes
"Higher revenues in the compulsory assistance insurance funds, from the beginning of the year: the largest contributions belong to the employees of the Republic of Moldova https://t.co/byvpuldo80",No,No,No,No,No,No,Yes,Yes
Bosnian media outlets are saying that #Russia was behind efforts to train provocateurs in the country to incite riots in #Moldova in the run-up to the presidential #election and #referendum on #EU ambitions. https://t.co/jvxQfl72cb,No,No,No,No,No,No,Yes,Yes
"@ONSOLSEN Weird and fascinating how choices can be so smooth, not just there. But often. And completely different places. As in Moldova, Brexit. Although I hope for Harris. Then I'm not soooo concerned about who wins this time. It will be as it is. They will live with it. A little NATO voltage.",No,No,No,No,No,No,Yes,Yes
"@Servicessu And why don't you indicate that he is a citizen of Ukraine? First, the article for the State Council is not given to foreigners. Secondly, on what basis Moldova issued it to Ukraine if he is not a citizen of Ukraine. Thank you for the delay, but write everything honestly.",No,No,No,No,No,No,Yes,Yes
"> One of the bedrock tenets of democracy is that if you put something up for a vote the you have to accept the results of that vote. Sure, but that just means the way referenda are done should be better thought out in general. It's not a matter of that one specifically, it's just a fact of life that the percentage of the population that supports something will drift significantly over time, and the way we sample that support is noisy enough that the results would likely change by several percentage points if you held two consecutive votes on two consecutive days, nevermind leaving a few months between them. This means that when using a referendum to decide on something which is impossible, or at least extremely costly, to undo later, a single vote at one point in time coming out to 50.000001% is simply inadequate. At an absolute bare minimum, there should be several votes over an extended period of time, say 5 over 1 year, and whichever option wins more of the votes is ultimately selected (vote can end early if there is no possibility of victory for the other choice any longer, and I guess you could have a ""result over 70% for either side instantly seals it"" kind of rule too) Something even better would involve properly modeling voter sentiment over time through a number of votes and meticulous Bayesian inference on the results, with a pre-specified confidence threshold before a result can be called either way. But I know some people are philosophically opposed to ""overly complicated"" electoral systems because of reasons (that I disagree with, but that's going wildly off-topic, so I'll leave it at that), so I could leave with the simpler system, even if it is still flawed and prone to ""erroneous"" results in edge cases. Still, it'd be infinitely better than a ""hurr durr 50.000001% result for ritual suicide of the whole nation, the people have spoken there is nothing that can be done"".",No,No,No,No,No,No,Yes,Yes
"One of the largest cultural projects that the Constantin Mimi Foundation organizes annually is the International Classical Music Festival. The unique event in the Republic of Moldova reached this year at the 7th edition. P. Constantin Mimi Foundation: ""Each guest of the Vinpera festival contributes to the development of rural tourism"" Cristinafrolov, president of the fungistantinMimi: ""It must be returned to the stretch."" https://www.journal.md/ro/news/a212511BBCE3FBA2/fundatia-consantin-mimi-fare-oaspeleului- Vinopera-contribie-la-dezvoltare-turism.html",No,No,No,No,No,No,Yes,Yes
https://t.co/wT3qwRTJJZ,No,No,No,No,No,No,Yes,Yes
"@battleforeurope Yes, except.... if you consider Crimea a ""historical Russian land"", then you also must consider Moldova a ""historical Romanian land"". And over half a million Moldavians are living and working in Romania, and another 200k or more are living and working in EU! Yes, it's THAT POOR",No,No,No,No,No,No,Yes,Yes
Via @euronews: What does Russia's hybrid war playbook plan for Moldova? https://t.co/QxDrlPh1cl,No,No,No,No,No,No,Yes,Yes
BREAKING:‘Yes’ vote looks set to narrowly pass to enshrine Moldova’s path toward the EU https://t.co/YYS439m1ze #news #world #worldnews #breaking,No,No,No,No,No,No,Yes,Yes
Goodlad congratulations to you on joining Sherif fc of Moldova https://t.co/gh8aSWM3YP,No,No,No,No,No,No,Yes,Yes
@SkyNews @SiobhanRobbins he people who LIVE in Moldova voted no.,No,No,No,No,No,No,Yes,Yes
"How important is the re-election of Maia Sandu for the European Future of the Republic of Moldova: ""It will be a battle as the one from the referendum"" Maia Sandu, the current president of the Republic of Moldova, has entered the second round with over 42% of the votes expressed and will face the second round with Alexandr 26.05% votes. Thus, the stakes of the presidential elections are not two ... https://ziare.com/maia-sandu/importanta-relelere-president-Parcurs-uropean-republica-moldova -901442",No,No,No,Yes,No,No,Yes,No
A group of journalists and communicators from the Republic of Moldova studies in Bucharest the experience of Romania's integration: the training program is funded by DRRM https://t.co/mzyhb0uscq,No,No,No,No,No,No,Yes,Yes
"🌍👀🇲🇩 Challenge #Geoint #Moldova: Where is this crossing point? This video that emerges illustrates: 1⃣ The contingent 🇷🇺 in transnistry, paid to show itself 2⃣ polarization on support for Ukraine 3⃣ The complexity of the relationship to Russia, including in Russian -speaking 🇲🇩",No,No,No,No,No,No,Yes,Yes
"Moldova & Georgia, showing us all how to get out of Russia' s influence. 👍 https://t.co/yo7XoJOTaR",No,No,No,No,No,No,Yes,Yes
"Moldova: President Maia Sandu at the top of the 1st round, according to partial results",No,No,No,No,No,Yes,Yes,No
"@Aurramold @pepenas_ @alexinio05 pepenișe, i ò from Otopeni I take Autocaru to Moldova. VII and you",No,No,No,No,No,No,Yes,Yes
@xruiztru Romania and Moldova wasn’t divided because of Cold War. Wtf 😳,No,No,No,No,No,No,Yes,Yes
"Good job, Moldova! You defended your sovereignty! https://t.co/LIsoJGLF6v",No,No,No,No,No,No,Yes,Yes
This is bad. Another Hungry.,No,No,No,No,No,No,Yes,Yes
Moldova accuses Pro -Russian actors for buying voices - https://t.co/k1cxm0kazg,No,No,No,No,No,No,Yes,Yes
"@Alexander5000dm never attacks first, only Sweden 1700, Ottoman Empire twice, France 1807, Finland 1939, Afghanistan 79, Georgia 2008, Ukraine 2014 and 2022, Chechnya 1994 and 99, Poland 1794, 1794, 1830, 1939, Persia, Persia Czechoslovakia 1968, Moldova 1992…",No,No,No,No,No,No,Yes,Yes
I am concerned by developments in Moldova and recognise the disappointment of CUB on the invalidation of their candidacy in the Moldovan Presidential race. Liberals believe in the importance of a fair and transparent electoral process..,No,No,No,No,No,No,Yes,Yes
President of Moldova Maia Sandu hopes that she will be chosen today her mission is to introduce Moldova to the EU and tearing her away from Russia's influence Russia desperately tries to stop her from re -election and bribes people to vote against her in today's ... https://t.co/wa5da7qtjw,No,No,No,No,No,Yes,Yes,No
Solana come with many risks for losses. For TRON 藍 EFI Moldova Monaco Emirates opensea topaltcoins milanodrill OriginProtocol governance stability,No,No,No,No,No,No,Yes,Yes
"MEPs call on Brussels to boost support for struggling Moldova, including via 'accession talks' https://t.co/SRTBkwh1oI #EU_FEATURED https://t.co/fUmkA0MRU0",No,No,No,No,No,No,Yes,Yes
Tapis Moldave. Rose Kilim. Moldavian rug. Handwoven Wool Rug. Grand tapis Kilim. Moldova Kilim. Tappeto Kilim. Bessarabian Kilim 300x190cm https://t.co/7DlRLNzSsE via @Etsy,No,No,No,No,No,No,Yes,Yes
The National Farmers 'Farmers' Federation announces a competition for selecting a service provider for the development of the federation strategy. We are looking for a person or team that has a deep understanding of the agricultural sector in our country. #Agriculturamoldovei #o… https://t.co/in9dqqb290,No,No,No,No,No,No,Yes,Yes
"I am still of the idea that last enlargement to the east was not a great idea, for economic reasons (there was a transfer of resources and an opening to dumping to countries that were not properly at our level), politicians (the union is less cohesive than before, given that the east is much more nationalist than the West) and legal (legal and democratic culture and the state of law leaves enough. I also include our beloved Baltic people who shoot out as a virtuous model).",No,No,No,No,No,No,Yes,Yes
"#Europaleague Qualy Play Off, 2nd Leg Ft #Petrocub 🇲🇩 1 (28 'Ambros) - #Ludogorets 🇧🇬 2 (75' Delev, 90 '+3 Rick 🇧🇬) (Global 1-6) 🏁 Sascha Stegemann 🇩🇪 🏟️ Zimbru Stadium, Chisinau 🇲🇩",No,No,No,No,No,No,Yes,Yes
"The Republic of Moldova will cooperate more effectively with the authorities in Azerbaijan in order to combat illegal migration of the Republic of Moldova will cooperate more efficiently with the authorities in Azerbaijan in order to combat the illegal migration Author: Monica Scutaru 12:55, September 11, 2024 Photo: Parliament.md Moldova will cooperate more efficiently with the authorities in Azerba. illegal migration. The members of C ... https://deschide.md/eni/stiri/externe/156417/r-moldova-va-coopera-mai-efic-cu-author%83%C8%9BA-DIN-AZERBAIDJAN-%C3%AEN-VEDERA-BOMATERII-MIGRA%C8%9BIEI.HTM.htm",No,No,No,No,No,No,Yes,Yes
@amanpour @MihaiPopsoi Moldova should annex itself to Romania.,No,No,No,No,No,No,Yes,Yes
"@Lionus10 @AJAlkaline @aaronjmate [1] Are you insinuating America FORCED Russia to invade Ukraine? What Russia is doing in Ukraine is no more than what US itself does in Latin America: meddling in its neighbours. It did so in Moldova starting in the early 1990s (google ""Transnistra""), Georgia in 2008, &... >>",No,No,No,No,No,No,Yes,Yes
Romania rug. Handmade wool rug. Tapis Moldave. Tapis Roumain. Rose Kilim. Kelim Moldavian art. Moldova Kilim. Bessarabian Kilim. 320x175cm https://t.co/JfuKyKo5il via @Etsy,No,No,No,No,No,No,Yes,Yes
"Russia has nukes. MAD is still a deterrent. Btw you say those countries, so let me name a few others: Georgia, Ukraine, Moldova, Chechenya, Czechoslovakia...",No,No,No,No,No,No,Yes,Yes
"Eh. In us the investments came to us, the pib has grown about 10 times in 20 years, we have come to have no money to take a few city-breaks a year, and we still have a good part of the Eurosceptic population.",No,No,No,No,No,No,Yes,Yes
"I no longer live in Moldova, so can't really tell. Plus, I lived in Cimislia not Chisinau.",No,No,No,No,No,No,Yes,Yes
"NewsMaker news is on the air again. In this issue: - Maya Sandu about the main achievements since 2020. - Kiku submitted documents for the registration of the initiative group. - Vasile Tarlev submitted documents to the Central Election Commission. - The Cabinet of Ministers wants to clarify the situation with the priests. - Opening Gagauziyaland: Putting and Praise Schora. - 100 million lei for farmers. - SMM is what, why and how much does it cost? On the site - https://newsmaker.md/ on Facebook - https://www.facebook.com/newsmakermd in Facebook în română - https://www.facebook.com/ro.newsmakermd in Telegram - https://t.me/newsmakerlive in telegram în română - https://t.me/ro_newsmakerlive on Instagram - https://www.instagram.com/newsmakermd in Twitter - https://twitter.com/newsmakermd our work can be supported by one -time or monthly donation here: https://love.newsmaker.md/ #Moldova #moldova # Metropolitan Moldova monitors the priests in Moscow/Sandu sums up/Tarlev and Kiku went to the CEC https://www.facebook.com/516894070436986/videos/19099764961887666",No,No,No,Yes,No,No,Yes,No
@lp4f @divagotm This one already shows 99.5% counted with 0.6pp difference https://t.co/62mfyjpsxy,No,No,No,No,No,No,Yes,Yes
"🇨🇭The largest party in the Swiss parliament, the Democratic Union of the Center, has accused the EU of pursuing a policy of expansion in Ukraine, Georgia, and Moldova. The deputies believe that the EU's goals do not coincide at all with those of Bern as a neutral state. https://t.co/DkSfas3HN0",No,No,No,No,No,No,Yes,Yes
"#elections2024 New TV - Maia Sandu video has launched in the election campaign. See the objectives of the president president of the country, Maia Sandu was launched on Thursday, August 22, in the election campaign for the presidential election on October 20. In his speech, and https://newtv.md/toate-stirii/maia-sandu-s-a-lansat-in-campania-electoral-vezi-objective-president",No,No,No,No,No,Yes,Yes,No
@PjotrSauer Full story here https://t.co/MHT3hzaikX,No,No,No,No,No,No,Yes,Yes
"@Odobes1luminita @mihapopsoi @cgherasimov for many years Moldova 🇲🇩 glorious country, beautiful country …… 💙💛❤️",No,No,No,No,No,No,Yes,Yes
"Attention, the police warn about compromising telegram accounts. The ""curiosity"" could leave you without the Telegram account: the police urges citizens to pay attention to the links that the people of the law accesses that from the beginning of September, in the territory of the Republic of Moldova, the cases of ""phishing"" have been intensified in the social networks Tiktok and Instagram, where links are distributed to FALSE sites. https://unimedia.info/ro/news/efd9e2e7b85168ad/curiosity-re-a-putea-lasa-fara-conta-de-telegram-politia-deamnamii a-tie-ate-la-links-on-to-aacceseaza.html? utm_source = facebook & utm_medium = ai_yoda_system & utm_campaign = news_social_shares",No,No,No,No,No,No,Yes,Yes
@Schmit_Henri @DionisCenusa It's called DEMOCRACY by majority. Applies in the UK to do a hard Brexit just the same as in Moldova to have a pro-European trade integration path enshrined in its Constitution. You don't have to like the results. A radical respect for democratic principles shall suffice.,No,No,No,No,No,No,Yes,Yes
Moscow Roils a Country on the Edge of Europe and Russia https://t.co/huXxghHdLh,No,No,No,No,No,No,Yes,Yes
"📢 Join us on 𝟮𝟯 𝗦𝗲𝗽𝘁𝗲𝗺𝗯𝗲𝗿 𝗮𝘁 𝟭𝟳:𝟬𝟬 𝗖𝗘𝗧 for a webinar on “𝗠𝗼𝗹𝗱𝗼𝘃𝗮’𝘀 𝗗𝗲𝗺𝗼𝗰𝗿𝗮𝘁𝗶𝗰 𝗣𝗿𝗼𝗴𝗿𝗲𝘀𝘀 𝗼𝗻 𝘁𝗵𝗲 𝗣𝗮𝘁𝗵 𝘁𝗼 𝗘𝗨 𝗠𝗲𝗺𝗯𝗲𝗿𝘀𝗵𝗶𝗽 𝗔𝗺𝗶𝗱 𝗥𝘂𝘀𝘀𝗶𝗮𝗻 𝗦𝗲𝗰𝘂𝗿𝗶𝘁𝘆 𝗧𝗵𝗿𝗲𝗮𝘁𝘀”. Speakers: 𝗗𝗲𝗻𝗶𝘀 𝗖𝗲𝗻𝘂𝘀𝗮,… https://t.co/ZHtyAePPvA",No,No,No,No,No,No,Yes,Yes
"Ukrainian President Volodymyr Zelenskiy made a recent visit to a munitions factory in Scranton, Pennsylvania, where he thanked his U.S. allies for their ongoing support for Ukraine's war effort. The trip turned out to be a divisive one, as U.S. Republican leaders accused Zelenskiy of siding with the Democratic Party in the upcoming presidential election. Voters in Scranton appeared split along party lines on whether they want Washington to continue a policy of strong military aid for Ukraine. Europa Liberă Moldova Zelenskiy's Scranton Visit Highlights U.S. Voters' Divide Over Ukraine https://www.facebook.com/610563291109480/videos/3734651000122430",No,No,No,No,No,No,Yes,Yes
"What the head of state says ""miraculous and easy solutions in the agricultural sector does not exist"": Maia Sandu's message, after meeting with farmers Maia Sandu president came with a reaction, after today's meeting with farmers and suppliers for the agricultural sector. ""We all agreed that the problems in the cereal sector are complicated and that this difficult situation is repeated year by year, especially because of ... https://unimedia.info/ro/news/e37a8f2103a988ac/solutii-miraculosa-si-usoare-in- sector-agricol-nu-exista-mesajul-Maiei -andu-dua-intereverea-cu-fermierii.html? utm_source = facebook & utm_medium = ai_yoda_system & utm_campaign = news_social_shares",No,No,No,No,No,Yes,Yes,No
@mikegalsworthy Trump will force Ukraine to accept the loss of 4 annexed territories including the remains of Mariupol to Crimea lying over 90% of Ukraine coast ! Then a false flag attack on Crimea and putin will take the rest of Ukr coast and Moldova so a wish which will never happen,No,No,No,No,No,No,Yes,Yes
Austria is firmly neutral now. It cannot claim anything.,No,No,No,No,No,No,Yes,Yes
@Osint613 Says the racist from Moldova,No,No,No,No,No,No,Yes,Yes
"The EU embraces Moldova; regarding trading, too https://t.co/0tmAKa4YYM",No,No,No,No,No,No,Yes,Yes
@1m_chart @sentdefender I know for sure that Trump doesn’t know where Moldova is,No,No,No,No,No,No,Yes,Yes
